,source,target,score
0,B,C,386.8086449944668
1,B,F,386.8086449944668
2,B,A,386.8086449944668
3,B,D,386.8086449944668
4,B,E,386.8086449944668
5,C,F,386.8086449944668
6,C,A,386.8086449944668
7,C,D,386.8086449944668
8,C,E,386.8086449944668
9,F,A,386.8086449944668
10,F,D,386.8086449944668
11,F,E,386.8086449944668
12,A,D,386.8086449944668
13,A,E,386.8086449944668
14,D,E,386.8086449944668
